Luke Sweeney@llamicron/astrotools
David Sweeney@adaptiman/TactileTTS
Navasota Brewing@NavasotaBrewing/brewdrivers
Luke Sweeney@llamicron/seagull
Juan Quiroz@jquiroz111/lab8
Darrian Hunter@darrianhunter7/Lab8
Jacob Riley@thatboredguy999/lab8
Andrew Chapman@achapman98/achapman98
Alex Nguyen@Alexn0910/lab8
Kyle Niewierski@kniewierski/git_lab
Alan Cavazos@alancavazos/alancavazoslab8
Joshua Saldua@JSaldua20/JoshuaSaldua
Julia Raburn@juliaraburn/juliaraburn
Justin Lim@justinlim1019/TCMG303
Faheem Noorani@fnoor5456/learn_git
Jennifer Ray@jray6055/Labs_8
Donald Williams@DJWilliams22/Dwilltcmg303lab
John Dorman@acolite-d/lab8
Juan Quiroz@jquiroz111/lab8
Matthew Swinney@mswinney/Matthew-Swinney-lab8
Trent Spears@nixfanboy/tcmg303lab
Spencer Anderson@TheCommanderson/scripts_lab
Nhat-Tien Nguyen@nhattn38/tcmglab8
Jonathan Ilori@JonathanIlori/lab8
Marshall Knowles@marshallk21/Lab8
Michael Maldonado@michaeldean22/Lab-8
Sergio De La Garza@Sergiodlg/Lab 
Nicholas Lerma@nicklerma4/lab8
Emily Dinh@emilydinh1/lab8
Alec razalec@razalec/lab8.1
Ebenezer Zabayor@ebenezerz10.github.io
Kelly Puno@kellypuno/lab8
Jacquelyn Novelli@JackieNovelli/SchoolWork
Ebenezer Zabayor@ebenezerz10/Lab11
Ryan Carlson@rcarlson21/lab8
Adrian Gomez Lafaire @adriangl98/labWebsite
Nicholas Rhodes@NickR055/NickR
Ricardo Duenez@ricardoduenez/Lab8.0
Vernesha Hazel@verneshahazel/Lab8
Gustavo Garcia@gustavogarciataunton/lab-8
Mubtasim Abrar@rummanrulez/lab8
Grant Thumann@gathumann/lab8
Hunter Cornay@Corndogz/LAB8
Grant Thumann@gathumann/git_demo
Shelby Kawejsza@sakawejsza/lab8
Rufino Oregon@rufino-1/Lab8_TCMG303
Nathan Browning@natebleep/lab8
Aidan Robison@aidanrobison/lab8
Tylor Herndon@tylooor/TCMG303_Lab8
Dalton Peltier@Dalton67/lab8
